id;title;description;content_type;source_url;source_name;thumbnail_url;difficulty;duration_minutes;tags;topics;is_free;language;rating;metadata;created_at
89e9e606-1190-4f2c-ae2e-3543a0f30d1c;The Joy of Computing using Python - Course - Swayam-NPTEL;As part of the course, you will be learning how to practice and culture the art of programming with Python as a language. At the end of the course, we introduce ...;course;https://onlinecourses.nptel.ac.in/noc22_cs31/preview;NPTEL;;beginner;;"[""joy"",""computing"",""using"",""python"",""swayam-nptel"",""part"",""learning"",""how"",""practice"",""culture""]";"[""Python""]";true;en;;"{""search_query"":""free python course beginner India site:coursera.org OR site:nptel.ac.in OR site:freecodecamp.org""}";2026-05-02 02:15:06.45948+00
0c505b1e-ba72-4e43-a837-bdf703dcceef;Best UX Design Courses & Certificates [2026] | Coursera;You can start learning UX design on Coursera for free in two ways: Preview the first module of many UX design courses at no cost. This includes video lessons, ...;course;https://www.coursera.org/courses?query=ux%20design;Coursera;;beginner;;"[""design"",""courses"",""certificates"",""coursera"",""can"",""start"",""learning"",""two"",""ways"",""preview""]";"[""UX Design""]";true;en;;"{""search_query"":""free UX design fundamentals course India site:coursera.org OR site:figma.com""}";2026-05-02 02:15:08.136219+00
9c608fbd-2db8-4c0f-b4eb-005fbb265943;Foundations and Advanced Practices in UX Design Specialization;Offered by Indian Institute of Technology Guwahati. Master UX Design: Foundations ... Can I take the course for free? No, you cannot take this course for free ...;course;https://www.coursera.org/specializations/ux-design-and-hci-iitg;Coursera;;beginner;;"[""foundations"",""advanced"",""practices"",""design"",""specialization"",""offered"",""indian"",""institute"",""technology"",""guwahati.""]";"[""UX Design""]";true;en;;"{""search_query"":""free UX design fundamentals course India site:coursera.org OR site:figma.com""}";2026-05-02 02:15:08.513117+00
d885c1da-4aa0-4da1-b46f-a8f8970c4ee6;Social Media Marketing Certification Course - HubSpot Academy;Build a successful social media strategy with HubSpot Academy's free Social Media Marketing Certification Course! Discover how to create engaging content.;course;https://academy.hubspot.com/courses/social-media;HubSpot Academy;;beginner;;"[""social"",""media"",""marketing"",""certification"",""hubspot"",""academy"",""build"",""successful"",""strategy"",""discover""]";"[""Digital Marketing""]";true;en;;"{""search_query"":""free digital marketing course India 2026 site:google.com OR site:hubspot.com""}";2026-05-02 02:15:09.452358+00
3e23a27e-2022-40a9-a6ab-4d32eea2aaba;Programming for Everybody (Getting Started with Python) - Coursera;This course aims to teach everyone the basics of programming computers using Python. We cover the basics of how one constructs a program from a series of ...;course;https://www.coursera.org/learn/python;Coursera;;beginner;;"[""programming"",""everybody"",""getting"",""started"",""python"",""coursera"",""aims"",""teach"",""everyone"",""basics""]";"[""Python""]";true;en;;"{""search_query"":""free python course beginner India site:coursera.org OR site:nptel.ac.in OR site:freecodecamp.org""}";2026-05-02 02:15:06.277676+00
3315f318-070f-4845-ab85-cbb3850fca11;Digital Marketing Certification Course - HubSpot Academy;Develop a human-centered, inbound-first digital marketing strategy with HubSpot Academy's Digital Marketing Certification Course.;course;https://academy.hubspot.com/courses/digital-marketing;HubSpot Academy;;beginner;;"[""digital"",""marketing"",""certification"",""hubspot"",""academy"",""develop"",""human-centered"",""inbound-first"",""strategy"",""course.""]";"[""Digital Marketing""]";true;en;;"{""search_query"":""free digital marketing course India 2026 site:google.com OR site:hubspot.com""}";2026-05-02 02:15:09.064434+00
bf03e7ec-b11c-40dd-b832-d0687a807bb4;Digital Shende - Projects 2026 - Google;AI-Integrated Digital Marketing – Advanced Course ... National Digital Library of India ... Aggregate trusted free and paid courses into structured career paths.;course;https://sites.google.com/view/satish-shende/workshops/project-mentor/projects-2026;Google;;beginner;;"[""digital"",""shende"",""projects"",""google"",""ai-integrated"",""marketing"",""advanced"",""national"",""library"",""india""]";"[""Digital Marketing""]";true;en;;"{""search_query"":""free digital marketing course India 2026 site:google.com OR site:hubspot.com""}";2026-05-02 02:15:09.267883+00
395644da-8fb9-42bc-ae27-fc30b7f8cc9a;Crash Course on Python | Coursera;"There are 5 modules in this course ; Hello Python! Module 1 · 4 hours · 20 videos · Total 60 minutes ; Basic Python Syntax. Module 2 · 4 hours · 13 videos · Total 40 ...";course;https://www.coursera.org/learn/python-crash-course;Coursera;;beginner;;"[""crash"",""python"",""coursera"",""there"",""modules"",""hello"",""module"",""hours"",""videos"",""total""]";"[""Python""]";true;en;;"{""search_query"":""free python course beginner India site:coursera.org OR site:nptel.ac.in OR site:freecodecamp.org""}";2026-05-02 02:15:06.090195+00
1e03d813-254d-4373-a6af-2506daeff876;Foundations of User Experience (UX) Design - Coursera;"There are 4 modules in this course ; Introducing user experience design. Module 1 · 4 hours ; Thinking like a UX designer. Module 2 · 2 hours ; Joining design ...";course;https://www.coursera.org/learn/foundations-user-experience-design;Coursera;;beginner;;"[""foundations"",""user"",""experience"",""design"",""coursera"",""there"",""modules"",""introducing"",""design."",""module""]";"[""UX Design""]";true;en;;"{""search_query"":""free UX design fundamentals course India site:coursera.org OR site:figma.com""}";2026-05-02 02:15:07.950108+00
53780489-bf27-4f6c-ad6c-0f5b05ea4756;UX Design: An Introduction - Coursera;It introduces the fundamentals of UX Design, Human-Computer Interaction (HCI), and the user-centered design process. To enhance your understanding, you'll ...;course;https://www.coursera.org/learn/ux-design-an-introduction-iitg;Coursera;;beginner;;"[""design"",""introduction"",""coursera"",""introduces"",""fundamentals"",""human-computer"",""interaction"",""hci"",""user-centered"",""process.""]";"[""UX Design""]";true;en;;"{""search_query"":""free UX design fundamentals course India site:coursera.org OR site:figma.com""}";2026-05-02 02:15:08.33321+00
d8d8ddbb-b9c5-4cfe-9ed0-96b8102da388;Top Free Communication Skills Courses & Tutorials Online - Udemy;Free Communication Skills Courses and Tutorials · Data Scientist · Full Stack Web Developer · Cloud Engineer · Project Manager · Game Developer · All Career ...;course;https://www.udemy.com/topic/communication-skills/free/?srsltid=AfmBOop2LGF-y5jA84gm-L6hUa0aIJIt7Kh1x3oo2F6R2eUF0KuMYZ4h;Udemy;;beginner;;"[""communication"",""skills"",""courses"",""tutorials"",""udemy"",""data"",""scientist"",""full"",""stack"",""web""]";"[""Communication""]";true;en;;"{""search_query"":""free communication skills course for students India 2026""}";2026-05-02 02:15:10.128675+00
deef8abf-b0c4-4c9b-87d9-f004f22b66c1;Free Online Course on Communication with Certification [2026];This free online communication skills course with certificate is designed to help learners master workplace communication, from writing emails ...;course;https://www.upgrad.com/blog/free-online-course-on-communication-with-certification/;upgrad.com;;beginner;;"[""communication"",""certification"",""skills"",""certificate"",""designed"",""help"",""learners"",""master"",""workplace"",""writing""]";"[""Communication""]";true;en;;"{""search_query"":""free communication skills course for students India 2026""}";2026-05-02 02:15:10.328823+00
5f0295c0-cb15-4838-97b7-341e1eedf431;Communication Skills - Basic - Skill India Digital Hub;This course covers the essentials of communication, including basic concepts and methods. You will learn important grammar rules to enhance your ...;course;https://www.skillindiadigital.gov.in/courses/detail/0ad01499-724e-452d-90b2-5bf615428fdf;skillindiadigital.gov.in;;beginner;;"[""communication"",""skills"",""basic"",""skill"",""india"",""digital"",""hub"",""covers"",""essentials"",""including""]";"[""Communication""]";true;en;;"{""search_query"":""free communication skills course for students India 2026""}";2026-05-02 02:15:10.511991+00
acd50d2e-805a-4c1a-965a-1d5f383e51c7;Online Courses For Entrepreneurs - Startup India;Get hands-on learning courses that are free of cost on Programming, Finance, Entrepreneurship, etc ... 2026 · Bharat Startup Grand Challenge · National ...;course;https://www.startupindia.gov.in/content/sih/en/reources/online-courses.html;startupindia.gov.in;;beginner;;"[""courses"",""entrepreneurs"",""startup"",""india"",""get"",""hands-on"",""learning"",""cost"",""programming"",""finance""]";"[""Entrepreneurship""]";true;en;;"{""search_query"":""entrepreneurship basics for beginners India 2026 free course""}";2026-05-02 02:15:12.689351+00
0d1879d3-182d-4a25-9f62-2c33372bbc65;Entrepreneurial Skills (Basic) - Skill India Digital Hub;"Explore what entrepreneurship is; Recognize the personalities and roles of an Entrepreneur; Identify the process of selecting a business; Recognize schemes ...";course;https://www.skillindiadigital.gov.in/courses/detail/1ea634c9-a167-4792-9f25-80343b80c08b%3F;skillindiadigital.gov.in;;beginner;;"[""entrepreneurial"",""skills"",""basic"",""skill"",""india"",""digital"",""hub"",""explore"",""what"",""entrepreneurship""]";"[""Entrepreneurship""]";true;en;;"{""search_query"":""entrepreneurship basics for beginners India 2026 free course""}";2026-05-02 02:15:12.882043+00
6439dcaf-fea7-4967-bfcb-e49a006692cd;Free Entrepreneurship Courses & Certificates [2026] - Coursera;Explore entrepreneurship fundamentals and learn how ideas grow into businesses in a free introductory course. Enroll for free.;course;https://www.coursera.org/courses?query=free&skills=Entrepreneurship;Coursera;;beginner;;"[""entrepreneurship"",""courses"",""certificates"",""coursera"",""explore"",""fundamentals"",""learn"",""how"",""ideas"",""grow""]";"[""Entrepreneurship""]";true;en;;"{""search_query"":""entrepreneurship basics for beginners India 2026 free course""}";2026-05-02 02:15:12.162732+00
a0d659a6-af30-4059-a1e3-d6705e4a1d42;What Courses are In-Demand for Indian Students in 2026?;Fields like nursing, physiotherapy, occupational therapy, public health and medical technology are continuing to grow at an exponential rate, ...;article;https://dailypioneer.com/news/what-courses-are-in-demand-for-indian-students-in-2026;dailypioneer.com;;beginner;;"[""what"",""courses"",""in-demand"",""indian"",""students"",""fields"",""like"",""nursing"",""physiotherapy"",""occupational""]";"[""Career""]";true;en;;"{""search_query"":""career guidance for students India 2026 explainer article""}";2026-05-02 02:15:11.322874+00
5cc9bd88-7eee-4fcc-94a5-b984300ff249;Entrepreneurship Essentials - Course - Swayam-NPTEL;ABOUT THE COURSE : The course provides foundational knowledge on various aspects of entrepreneurial venture creation and management during its life-cycle.;course;https://onlinecourses.nptel.ac.in/noc26_ge30/preview;NPTEL;;beginner;;"[""entrepreneurship"",""essentials"",""swayam-nptel"",""about"",""provides"",""foundational"",""knowledge"",""various"",""aspects"",""entrepreneurial""]";"[""Entrepreneurship""]";true;en;;"{""search_query"":""entrepreneurship basics for beginners India 2026 free course""}";2026-05-02 02:15:13.076548+00
60424bff-635d-48b8-b781-b1eb5b46570f;Career Planning in India: Step-by-Step Guide for Students & Freshers;This detailed guide aims to help Indian students and freshers navigate the complexities of career planning with a clear roadmap backed by real- ...;article;https://vishvavidya.com/2026/02/12/career-planning-in-india-a-step-by-step-guide-for-students-and-freshers/;vishvavidya.com;;beginner;;"[""career"",""planning"",""india"",""step-by-step"",""guide"",""students"",""freshers"",""detailed"",""aims"",""help""]";"[""Career""]";true;en;;"{""search_query"":""career guidance for students India 2026 explainer article""}";2026-05-02 02:15:11.141241+00
a2252b5d-179d-4d7c-8a60-64e4903480c1;Career Guidance After 12th (2026): Best Career Options, Salary ...;"Admission guidance for Indian students; Long-term career roadmap. Top career guidance consultants in India help students avoid costly mistakes.";article;https://www.genixoeducation.com/articles/career-guidance-after-12th;genixoeducation.com;;beginner;;"[""career"",""guidance"",""after"",""options"",""salary"",""admission"",""indian"",""students"",""long-term"",""roadmap.""]";"[""Career""]";true;en;;"{""search_query"":""career guidance for students India 2026 explainer article""}";2026-05-02 02:15:11.505333+00
0ae0e712-b4fa-4de2-8918-57f595b35b85;Best Free Courses & Certificates [2026] - Coursera;Google UX Design Certificate · IBM AI Engineering Certificate · IBM AI Product Manager Certificate · IBM Data Science Certificate · Intuit Academy Bookkeeping ...;course;https://www.coursera.org/courses?query=free;Coursera;;beginner;;"[""courses"",""certificates"",""coursera"",""google"",""design"",""certificate"",""ibm"",""engineering"",""product"",""manager""]";"[""UX Design""]";true;en;;"{""search_query"":""free UX design fundamentals course India site:coursera.org OR site:figma.com""}";2026-05-04 04:00:10.130871+00
7ffb6eb4-8ecc-4b0a-bdf5-b856ce8dbdce;Courses & Lessons - HubSpot Academy;Completely free & online. All Training & Certifications. Stay sharp. Learn the latest business trends from leading experts.;course;https://academy.hubspot.com/courses;HubSpot Academy;;beginner;;"[""courses"",""lessons"",""hubspot"",""academy"",""completely"",""online."",""all"",""training"",""certifications."",""stay""]";"[""Digital Marketing""]";true;en;;"{""search_query"":""free digital marketing course India 2026 site:google.com OR site:hubspot.com""}";2026-05-04 04:00:12.232985+00
3bbf935b-0cfe-416b-8195-b79caeaa5b68;Top Free Communication Skills Courses & Tutorials Online - Udemy;Free Communication Skills Courses and Tutorials · Data Scientist · Full Stack Web Developer · Cloud Engineer · Project Manager · Game Developer · All Career ...;course;https://www.udemy.com/topic/communication-skills/free/?srsltid=AfmBOopJFA8JX6bU8RJrXBXqmrAoJ6atlubWY061WICw9Hh-pqvW4YZ7;Udemy;;beginner;;"[""communication"",""skills"",""courses"",""tutorials"",""udemy"",""data"",""scientist"",""full"",""stack"",""web""]";"[""Communication""]";true;en;;"{""search_query"":""free communication skills course for students India 2026""}";2026-05-04 04:00:13.649227+00
82d6aa02-e61f-4328-a24d-29dfd0b15aaf;Free Online Communication Skills Courses - Alison;These free online communication skills courses will teach you everything you need to know to become a more effective communicator.;course;https://alison.com/tag/communication-skills;alison.com;;beginner;;"[""communication"",""skills"",""courses"",""alison"",""these"",""teach"",""everything"",""need"",""know"",""become""]";"[""Communication""]";true;en;;"{""search_query"":""free communication skills course for students India 2026""}";2026-05-02 02:15:10.694065+00
a49d2355-460e-4b47-9497-7ec65206918d;Career Guidance in 2026: Gen Z Degree Choices - IIMT University;1. What are top careers for Gen Z in 2026? AI Engineer, Data Scientist, Cybersecurity, Biotech, UX Design. 2. How to choose degrees for Career ...;article;https://iimtu.edu.in/blog/career-guidance-for-gen-z-students-choosing-the-right-degree-in-2026/;iimtu.edu.in;;beginner;;"[""career"",""guidance"",""gen"",""degree"",""choices"",""iimt"",""university"",""what"",""careers"",""engineer""]";"[""Career""]";true;en;;"{""search_query"":""career guidance for students India 2026 explainer article""}";2026-05-04 04:00:14.92271+00
82bdff29-3b71-4f0e-ba60-5577a1ecf17b;Top 7 Courses in Digital Marketing You Should Know Before ...;According to industry reports, digital ad spend in India will surpass ₹50,000 crores by 2026. This means more job opportunities, more freelance gigs, and more ...;course;https://sites.google.com/view/digitallmarketin/top-7-courses-in-digital-marketing-you-should-know-before-starting-your-jou;Google;;beginner;;"[""courses"",""digital"",""marketing"",""should"",""know"",""before"",""according"",""industry"",""reports"",""spend""]";"[""Digital Marketing""]";true;en;;"{""search_query"":""free digital marketing course India 2026 site:google.com OR site:hubspot.com""}";2026-05-02 02:15:09.646444+00
5c958f98-eef4-4e35-b3e4-3479502856d9;Free Communication Skills Course Online (2026) - Great Learning;It is an entirely free course from Great Learning Academy. Anyone interested in learning the basics of Effective Communication can get started with this course.;course;https://www.mygreatlearning.com/academy/learn-for-free/courses/effective-communication;mygreatlearning.com;;beginner;;"[""communication"",""skills"",""great"",""learning"",""entirely"",""academy."",""anyone"",""interested"",""basics"",""effective""]";"[""Communication""]";true;en;;"{""search_query"":""free communication skills course for students India 2026""}";2026-05-04 04:00:13.577988+00
7310bbdd-26bd-45dd-a51a-a149ca6f78a0;Free Effective Communication Courses Online with Certificates - 2026;The Free Communication Skills Course Online with Certificate by upGrad is designed for learners from all backgrounds who want to improve clarity, confidence, ...;course;https://www.upgrad.com/free-courses/mba-and-management/art-of-effective-communication-course-free/;upgrad.com;;beginner;;"[""effective"",""communication"",""courses"",""certificates"",""skills"",""certificate"",""upgrad"",""designed"",""learners"",""all""]";"[""Communication""]";true;en;;"{""search_query"":""free communication skills course for students India 2026""}";2026-05-04 04:00:13.686928+00
fee15420-2fc5-411e-ad23-1affc0a7dc44;Google UX Design Professional Certificate - Coursera;In this certificate program, you'll learn in-demand skills, and get AI training from Google experts. Learn at your own pace, no degree or experience required.;course;https://www.coursera.org/professional-certificates/google-ux-design;Coursera;;beginner;;"[""google"",""design"",""professional"",""certificate"",""coursera"",""program"",""learn"",""in-demand"",""skills"",""get""]";"[""UX Design""]";true;en;;"{""search_query"":""free UX design fundamentals course India site:coursera.org OR site:figma.com""}";2026-05-04 04:00:10.026682+00
83a0b880-5b5a-4c3c-8370-7e84a1d8f18a;Programming, Data Structures And Algorithms Using Python - NPTEL;Course Abstract. This course is an introduction to programming and problem solving in Python. It does not assume any prior knowledge of programming.;course;https://nptel.ac.in/courses/106106145;NPTEL;;beginner;;"[""programming"",""data"",""structures"",""algorithms"",""using"",""python"",""nptel"",""abstract."",""introduction"",""problem""]";"[""Python""]";true;en;;"{""search_query"":""free python course beginner India site:coursera.org OR site:nptel.ac.in OR site:freecodecamp.org""}";2026-05-04 04:00:06.608322+00
2ed6a4d4-d30c-455a-bf1b-092ebcd8ee22;Best Communication Skills Courses & Certificates [2026] | Coursera;Yes. You can start learning communication skills on Coursera for free in two ways: Preview the first module of many communication skills courses at no cost.;course;https://www.coursera.org/courses?query=communication%20skills;Coursera;;beginner;;"[""communication"",""skills"",""courses"",""certificates"",""coursera"",""yes."",""can"",""start"",""learning"",""two""]";"[""Communication""]";true;en;;"{""search_query"":""free communication skills course for students India 2026""}";2026-05-04 04:00:13.618327+00
1f865c00-0637-42d5-8fc8-3fbd03f417cd;HubSpot Academy - Homepage;Get up to speed quickly on popular business topics with our free courses. View all training. Win. Earn recognition. Grow your career by completing ...;course;https://academy.hubspot.com/;HubSpot Academy;;beginner;;"[""hubspot"",""academy"",""homepage"",""get"",""speed"",""quickly"",""popular"",""business"",""topics"",""courses.""]";"[""Digital Marketing""]";true;en;;"{""search_query"":""free digital marketing course India 2026 site:google.com OR site:hubspot.com""}";2026-05-11 04:00:10.553038+00
33ec1e4e-02f5-4b57-8528-984fe754bda7;Can you recommend a digital marketing course?;Udemy offers multiple digital marketing courses to learn a range of skills from advertising to social media and content marketing.;course;https://community.hubspot.com/t5/Content-Strategy-SEO/Can-you-recommend-a-digital-marketing-course/m-p/163886;HubSpot Academy;;beginner;;"[""can"",""recommend"",""digital"",""marketing"",""udemy"",""offers"",""multiple"",""courses"",""learn"",""range""]";"[""Digital Marketing""]";true;en;;"{""search_query"":""free digital marketing course India 2026 site:google.com OR site:hubspot.com""}";2026-05-11 04:00:10.608096+00
07510345-8115-4d3e-8bc2-7c65eccc0d65;Digital Advertising Certification Course - HubSpot Academy;FREE Certification Course. Discover how to create remarkable digital ads in HubSpot Academy's Digital Advertising Certification Course. Learn how to ...;course;https://academy.hubspot.com/courses/email-marketing-certification-en;HubSpot Academy;;beginner;;"[""digital"",""advertising"",""certification"",""hubspot"",""academy"",""course."",""discover"",""how"",""create"",""remarkable""]";"[""Digital Marketing""]";true;en;;"{""search_query"":""free digital marketing course India 2026 site:google.com OR site:hubspot.com""}";2026-05-11 04:00:10.636285+00
c91b5937-c1c4-48ef-b4b9-d112a64f9d67;Top Free Communication Skills Courses & Tutorials Online - Udemy;Free Communication Skills Courses and Tutorials · Leadership · Management Skills · Project Management · Personal Productivity · Emotional Intelligence.;course;https://www.udemy.com/topic/communication-skills/free/?srsltid=AfmBOorcY_esGK5ruBPzNjFPBcnycjFCG9LJ1Pcb7stHA5P7HIA7jRVp;Udemy;;beginner;;"[""communication"",""skills"",""courses"",""tutorials"",""udemy"",""leadership"",""management"",""project"",""personal"",""productivity""]";"[""Communication""]";true;en;;"{""search_query"":""free communication skills course for students India 2026""}";2026-05-11 04:00:12.13736+00
a25a002c-75a1-4a76-a6e6-4ef3f87d93a5;MOOCs for communication skills - British Council;The British Council has developed online courses to improve your communication skills that be accessed for free on FutureLearn.;course;https://www.britishcouncil.in/english/online/resources-websites/moocs;britishcouncil.in;;beginner;;"[""moocs"",""communication"",""skills"",""british"",""council"",""has"",""developed"",""courses"",""improve"",""accessed""]";"[""Communication""]";true;en;;"{""search_query"":""free communication skills course for students India 2026""}";2026-05-11 04:00:12.286005+00
58f34c73-b7c8-40d1-bdda-86bd80c10bf8;What Students Need Now - Career Counselling in 2026;Career counselling today is a structured, evidence-based process that helps students identify strengths, interests, and real-world opportunities ...;article;https://careerguruji.allegiance-educare.in/blog/board-exam-results-2026-career-counselling-options;careerguruji.allegiance-educare.in;;beginner;;"[""what"",""students"",""need"",""now"",""career"",""counselling"",""today"",""structured"",""evidence-based"",""process""]";"[""Career""]";true;en;;"{""search_query"":""career guidance for students India 2026 explainer article""}";2026-05-11 04:00:13.335256+00
0b70a341-e35e-49c2-add1-4208c0b6c90a;Introduction to User Experience Design | Coursera;The focus of this course is to introduce the learner to User Experience (UX) Design. User Experience design is design that is user centered.;course;https://www.coursera.org/learn/user-experience-design;Coursera;;beginner;;"[""introduction"",""user"",""experience"",""design"",""coursera"",""focus"",""introduce"",""learner"",""design."",""centered.""]";"[""UX Design""]";true;en;;"{""search_query"":""free UX design fundamentals course India site:coursera.org OR site:figma.com""}";2026-05-11 04:00:08.893194+00
d40cb88e-d2ab-417b-bec9-5428ab5d9018;Career Guidance for Students: A 2026 Approach - Immerse Education;In this article, you will explore what modern career guidance looks like, why it matters more in 2026 and how you can support better career ...;article;https://www.immerse.education/educational-innovation/edtech/career-guidance-for-students-a-2026-approach-to-supporting-career-decisions/;immerse.education;;beginner;;"[""career"",""guidance"",""students"",""approach"",""immerse"",""education"",""article"",""explore"",""what"",""modern""]";"[""Career""]";true;en;;"{""search_query"":""career guidance for students India 2026 explainer article""}";2026-05-02 02:15:11.690572+00
72805daf-8b34-459e-bd82-c0433d707bbe;Career Guidance for Students: Making the Right Career Choices in ...;Career guidance for students helps them choose the right path with expert counselling, psychometric tests, and career planning for 10th ...;article;https://vitanovaeducators.com/blog/career-guidance-for-students/;vitanovaeducators.com;;beginner;;"[""career"",""guidance"",""students"",""making"",""right"",""choices"",""helps"",""them"",""choose"",""path""]";"[""Career""]";true;en;;"{""search_query"":""career guidance for students India 2026 explainer article""}";2026-05-11 04:00:13.295436+00
9135a26f-c2c0-4e9d-a421-8dcf3c0c4e4c;Free Python Courses & Certificates [2026] - Coursera;"Popular Free Python Courses ; Python for Data Science, AI & Development · 4.6 (44K) · Beginner · Course · 1 - 3 Months ; Data Analysis with Python · 4.7 (20K) · ...";course;https://www.coursera.org/courses?query=free&skills=Python%20Programming;Coursera;;beginner;;"[""python"",""courses"",""certificates"",""coursera"",""popular"",""data"",""science"",""development"",""months"",""analysis""]";"[""Python""]";true;en;;"{""search_query"":""free python course beginner India site:coursera.org OR site:nptel.ac.in OR site:freecodecamp.org""}";2026-05-11 04:00:05.535047+00
2d615abf-1f9b-4cb8-b434-cfa693f0203d;Free Entrepreneurship Course Online with Certificate - 2025 - upGrad;This free online entrepreneurship course is designed for anyone looking to build, grow, or understand what it takes to succeed in the entrepreneurial world.;course;https://www.upgrad.com/free-courses/mba-and-management/entrepreneurship-free-course/;upgrad.com;;beginner;;"[""entrepreneurship"",""certificate"",""upgrad"",""designed"",""anyone"",""looking"",""build"",""grow"",""understand"",""what""]";"[""Entrepreneurship""]";true;en;;"{""search_query"":""entrepreneurship basics for beginners India 2026 free course""}";2026-05-04 04:00:16.169748+00
3ef8efe2-f4d8-4cf2-a042-af80856ee218;Career Counselling: Why It's Crucial for Students and Parents in 2026;This blog will discuss how career guidance and counselling is crucial, how it helps students and parents and why it is necessary in developing a ...;article;https://www.vupune.ac.in/blog/career-counselling-why-its-crucial-for-students-and-parents-in-2026;vupune.ac.in;;beginner;;"[""career"",""counselling"",""why"",""crucial"",""students"",""parents"",""blog"",""discuss"",""how"",""guidance""]";"[""Career""]";true;en;;"{""search_query"":""career guidance for students India 2026 explainer article""}";2026-05-11 04:00:13.410444+00
1786e62e-2974-4b5c-a6b4-bca14825034f;Entrepreneurship Courses – Free & Online | HP LIFE;Our free entrepreneurship courses introduce you to concepts including social entrepreneurship, idea generation, and systems to help your business grow. Circular ...;course;https://www.life-global.org/categorylist/2-entrepreneurship;life-global.org;;beginner;;"[""entrepreneurship"",""courses"",""life"",""introduce"",""concepts"",""including"",""social"",""idea"",""generation"",""systems""]";"[""Entrepreneurship""]";true;en;;"{""search_query"":""entrepreneurship basics for beginners India 2026 free course""}";2026-05-11 04:00:14.312822+00
0549e12e-3c17-4a59-b167-9898d6e52dbc;Re: Can you recommend a digital marketing course?;Udemy offers multiple digital marketing courses to learn a range of skills from advertising to social media and content marketing.;course;https://community.hubspot.com/t5/Content-Strategy-SEO/Can-you-recommend-a-digital-marketing-course/m-p/177663;HubSpot Academy;;beginner;;"[""can"",""recommend"",""digital"",""marketing"",""udemy"",""offers"",""multiple"",""courses"",""learn"",""range""]";"[""Digital Marketing""]";true;en;;"{""search_query"":""free digital marketing course India 2026 site:google.com OR site:hubspot.com""}";2026-05-18 04:00:12.707456+00
e69ed7e5-4aea-49e9-9c65-cce0ce1cde3b;Top Free Communication Skills Courses & Tutorials Online - Udemy;Free Communication Skills Courses and Tutorials · Leadership · Management Skills · Project Management · Personal Productivity · Emotional Intelligence.;course;https://www.udemy.com/topic/communication-skills/free/?srsltid=AfmBOorFKzWS-wf3xO104VbGY5LVBSF2je3VnaKdCyAJEP6uFcTLofJS;Udemy;;beginner;;"[""communication"",""skills"",""courses"",""tutorials"",""udemy"",""leadership"",""management"",""project"",""personal"",""productivity""]";"[""Communication""]";true;en;;"{""search_query"":""free communication skills course for students India 2026""}";2026-05-18 04:00:14.048892+00
aa536ee0-4d07-453f-90bd-22409a594359;Free Online Communication Skills Course with Certificate;Free Online Communication Skills Course with Certificate · 1 HoursOf self-paced video lessons · 90 Days of AccessTo your Free Course · Completion Certificate.;course;https://www.simplilearn.com/free-communication-skills-course-skillup;simplilearn.com;;beginner;;"[""communication"",""skills"",""certificate"",""hoursof"",""self-paced"",""video"",""lessons"",""days"",""accessto"",""completion""]";"[""Communication""]";true;en;;"{""search_query"":""free communication skills course for students India 2026""}";2026-05-18 04:00:14.100581+00
baee8248-1c2f-4475-afe3-d684eda44373;Free Entrepreneurship Course with Certificate - Simplilearn.com;Start your journey with this free entrepreneurship course from SkillUP. Learn startup strategy, business models, funding, and get a free certificate online.;course;https://www.simplilearn.com/entrepreneurship-course-free-skillup;simplilearn.com;;beginner;;"[""entrepreneurship"",""certificate"",""simplilearn.com"",""start"",""journey"",""skillup."",""learn"",""startup"",""strategy"",""business""]";"[""Entrepreneurship""]";true;en;;"{""search_query"":""entrepreneurship basics for beginners India 2026 free course""}";2026-05-18 04:00:16.366188+00
a01f6dde-8ad0-4d3e-817e-03e6d784c3c4;The Best Courses for Entrepreneurs Available Free Online in 2026;The Best Courses for Entrepreneurs Available Free Online in 2026 — curated list with honest analysis, pricing, and recommendations by Rajesh ...;course;https://rajeshrnair.com/blog/the-best-courses-for-entrepreneurs-available-free-online-in-2026;rajeshrnair.com;;beginner;;"[""courses"",""entrepreneurs"",""available"",""curated"",""list"",""honest"",""analysis"",""pricing"",""recommendations"",""rajesh""]";"[""Entrepreneurship""]";true;en;;"{""search_query"":""entrepreneurship basics for beginners India 2026 free course""}";2026-05-18 04:00:16.389861+00
3f158338-c89e-418b-a9b7-d3a4a7842f5f;Best Python Courses & Certificates [2026] - Coursera;In summary, here are 10 of our most popular python courses · Python for Data Science, AI & Development · Python for Everybody · Crash Course on Python · Programming ...;course;https://www.coursera.org/courses?query=python;Coursera;;beginner;;"[""python"",""courses"",""certificates"",""coursera"",""summary"",""here"",""most"",""popular"",""data"",""science""]";"[""Python""]";true;en;;"{""search_query"":""free python course beginner India site:coursera.org OR site:nptel.ac.in OR site:freecodecamp.org""}";2026-05-02 02:15:05.498756+00
4d555402-f2aa-4e7b-8205-8a0c8d867020;Fundamentals of UI/UX Design - Coursera;This course explores the core concepts of User Experience Design (UXD) and Human-Centered Design (HCD). It introduces design thinking and how it is used in UX/ ...;course;https://www.coursera.org/learn/fundamentals-of-uiux-design;Coursera;;beginner;;"[""fundamentals"",""design"",""coursera"",""explores"",""core"",""concepts"",""user"",""experience"",""uxd"",""human-centered""]";"[""UX Design""]";true;en;;"{""search_query"":""free UX design fundamentals course India site:coursera.org OR site:figma.com""}";2026-05-18 04:00:10.21465+00
0cde85a8-669a-4369-b1ac-5b226917b7ba;Content Marketing Certification Course - HubSpot Academy;Learn how to craft appealing, share-worthy content that captivates your audience and drives conversions in HubSpot Academy's Content Marketing certification ...;course;https://academy.hubspot.com/courses/content-marketing;HubSpot Academy;;beginner;;"[""content"",""marketing"",""certification"",""hubspot"",""academy"",""learn"",""how"",""craft"",""appealing"",""share-worthy""]";"[""Digital Marketing""]";true;en;;"{""search_query"":""free digital marketing course India 2026 site:google.com OR site:hubspot.com""}";2026-05-18 04:00:12.741955+00
594d362b-544e-4c86-85cd-3c21fd0f7f02;Python for Data Science, AI & Development | Coursera;This course takes you from zero to programming in Python in a matter of hours—no prior programming experience is necessary! You'll begin with Python basics, ...;course;https://www.coursera.org/learn/python-for-applied-data-science-ai;Coursera;;beginner;;"[""python"",""data"",""science"",""development"",""coursera"",""takes"",""zero"",""programming"",""matter"",""hours""]";"[""Python""]";true;en;;"{""search_query"":""free python course beginner India site:coursera.org OR site:nptel.ac.in OR site:freecodecamp.org""}";2026-05-18 04:00:05.754783+00
deb99cc0-7824-4361-aaae-3cc628dcc1ed;UI/UX Design Specialization - Coursera;Learners enrolled in the UI/UX Design Specialization are eligible for an extended free trial (1 month) of a full product suite of UX tools from Optimal Workshop ...;course;https://www.coursera.org/specializations/ui-ux-design;Coursera;;beginner;;"[""design"",""specialization"",""coursera"",""learners"",""enrolled"",""eligible"",""extended"",""trial"",""month"",""full""]";"[""UX Design""]";true;en;;"{""search_query"":""free UX design fundamentals course India site:coursera.org OR site:figma.com""}";2026-05-25 04:00:06.918637+00
4fd6802a-81a1-4523-8efa-83198005c8dd;Inbound Marketing Certification Course - HubSpot Academy;Creating a HubSpot Academy account is 100% free and gets you unlimited access to our complete library of education and free software tools. Create an account ...;course;https://academy.hubspot.com/courses/inbound-marketing;HubSpot Academy;;beginner;;"[""inbound"",""marketing"",""certification"",""hubspot"",""academy"",""creating"",""account"",""gets"",""unlimited"",""access""]";"[""Digital Marketing""]";true;en;;"{""search_query"":""free digital marketing course India 2026 site:google.com OR site:hubspot.com""}";2026-05-25 04:00:08.235756+00
967e507f-1aa7-4493-a3b2-35bcabac2179;New to the Content Marketing Study Group? Introductions here ‌⬇️‌;Currently, I'm learning and upgrading my skills through the free Digital Marketing course by HubSpot Academy to grow professionally and explore ...;course;https://community.hubspot.com/t5/Content-Marketing/New-to-the-Content-Marketing-Study-Group-Introductions-here-%EF%B8%8F/m-p/1276475/highlight/true?profile.language=de;HubSpot Academy;;beginner;;"[""content"",""marketing"",""study"",""group"",""introductions"",""here"",""currently"",""learning"",""upgrading"",""skills""]";"[""Digital Marketing""]";true;en;;"{""search_query"":""free digital marketing course India 2026 site:google.com OR site:hubspot.com""}";2026-05-25 04:00:08.268259+00
5f4fc238-31de-4ad0-8fd5-e512102c3152;Top Free Communication Skills Courses & Tutorials Online - Udemy;Free Communication Skills Courses and Tutorials · Leadership · Management Skills · Project Management · Personal Productivity · Emotional Intelligence.;course;https://www.udemy.com/topic/communication-skills/free/?srsltid=AfmBOorZZK9jaYsqAF3ZOJNvTfe31kC34p7jX-pf4-bIwkUve4wWQ33v;Udemy;;beginner;;"[""communication"",""skills"",""courses"",""tutorials"",""udemy"",""leadership"",""management"",""project"",""personal"",""productivity""]";"[""Communication""]";true;en;;"{""search_query"":""free communication skills course for students India 2026""}";2026-05-25 04:00:09.557992+00
8fe1f8b4-69fc-4f71-baf4-8f8f8d303d72;Free Communication Basics Courses Online with Certificates - upGrad;The free communication course duration is 1 hour, making it an easy and flexible way to upgrade your communication skills. You can complete it at your own pace ...;course;https://www.upgrad.com/free-courses/mba-and-management/fundamentals-of-communication-free-course/;upgrad.com;;beginner;;"[""communication"",""basics"",""courses"",""certificates"",""upgrad"",""duration"",""hour"",""making"",""easy"",""flexible""]";"[""Communication""]";true;en;;"{""search_query"":""free communication skills course for students India 2026""}";2026-05-25 04:00:09.594863+00
a5b3aaf7-e5be-4f83-bf75-70fda7334d11;Free Communication Skills Course | Simplilearn - YouTube;... learners to achieve their career goals faster. Founded in 2010 and based in San Francisco, California, and Bangalore, India, Simplilearn, a ...;course;https://www.youtube.com/watch?v=A0BMyN3Eofk;YouTube;;beginner;;"[""communication"",""skills"",""simplilearn"",""youtube"",""learners"",""achieve"",""their"",""career"",""goals"",""faster.""]";"[""Communication""]";true;en;;"{""search_query"":""free communication skills course for students India 2026""}";2026-05-25 04:00:09.62651+00
926656fe-5971-4335-aea5-6258a107261f;Explained: Why career guidance is important for students - India Today;Career guidance is a counselling programme designed to help students choose the right career path based on their educational and professional choices.;article;https://www.indiatoday.in/education-today/featurephilia/story/explained-why-career-guidance-is-important-for-students-1912139-2022-02-12;indiatoday.in;;beginner;;"[""explained"",""why"",""career"",""guidance"",""important"",""students"",""india"",""today"",""counselling"",""programme""]";"[""Career""]";true;en;;"{""search_query"":""career guidance for students India 2026 explainer article""}";2026-05-25 04:00:10.859189+00
18c3c27c-d2ab-4c72-a0e0-193d447de31b;Career Options After 10th – Complete 2026 Guide - LakshyaEdu;The best career options after 10th include choosing Science, Commerce, Arts, diploma courses, or vocational training based on your interests and ...;article;https://lakshyaedu.co.in/career-options-after-10th/;lakshyaedu.co.in;;beginner;;"[""career"",""options"",""after"",""complete"",""guide"",""lakshyaedu"",""include"",""choosing"",""science"",""commerce""]";"[""Career""]";true;en;;"{""search_query"":""career guidance for students India 2026 explainer article""}";2026-05-25 04:00:10.890392+00
01e44ca5-0ba9-4ff5-8517-423903c304f2;"Tesla's Academy on Instagram: ""   Career Guidance Program 2026";Understand what the job actually involves. Talk to people. Watch videos. Read real experiences. Try small things. Online courses, projects, ...;article;https://www.instagram.com/reel/DTg61ngCfsQ/;instagram.com;;beginner;;"[""tesla"",""academy"",""instagram"",""career"",""guidance"",""program"",""understand"",""what"",""job"",""actually""]";"[""Career""]";true;en;;"{""search_query"":""career guidance for students India 2026 explainer article""}";2026-05-25 04:00:10.924295+00
f4eb21e5-1fd9-4e5b-bbc2-a2ea20c71d57;Unlocking young women's potential? The impact of a low-cost ...;Our primary contribution lies in shedding light on how career guidance in school can facilitate students' career choices, focusing on young women from lower- ...;article;https://www.sciencedirect.com/science/article/pii/S0304387825002135;sciencedirect.com;;beginner;;"[""unlocking"",""young"",""women"",""potential"",""impact"",""low-cost"",""primary"",""contribution"",""lies"",""shedding""]";"[""Career""]";true;en;;"{""search_query"":""career guidance for students India 2026 explainer article""}";2026-05-25 04:00:10.99071+00
1436643b-5f29-456a-b6f0-fa79de5124a8;Free online courses from MIT for entrepreneurs and innovators;Entrepreneurship 101: Who is Your Customer: Learn about the first important skill for aspiring entrepreneurs — the paying customer.;course;https://openlearning.mit.edu/news/free-online-courses-mit-entrepreneurs-and-innovators;openlearning.mit.edu;;beginner;;"[""courses"",""mit"",""entrepreneurs"",""innovators"",""entrepreneurship"",""who"",""customer"",""learn"",""about"",""first""]";"[""Entrepreneurship""]";true;en;;"{""search_query"":""entrepreneurship basics for beginners India 2026 free course""}";2026-05-25 04:00:12.102688+00
f2c00444-7e8c-4f11-bb98-015aef11de80;What Is Entrepreneurship? | Entrepreneurship Course - YouTube;9 Free Courses That Beat Harvard (Don't Waste Your Tuition!) ... The Basics of Business Education - What Business Students Should Study.;course;https://www.youtube.com/watch?v=x5hf-1Nj-ck;YouTube;;beginner;;"[""what"",""entrepreneurship"",""youtube"",""courses"",""beat"",""harvard"",""don"",""waste"",""tuition"",""basics""]";"[""Entrepreneurship""]";true;en;;"{""search_query"":""entrepreneurship basics for beginners India 2026 free course""}";2026-05-25 04:00:12.133486+00